100,0.0019073486328125,235
200,1.2516975402832031,22542
300,1.5163421630859375,38484
400,1.7209053039550781,53761
500,2.431154251098633,69532
600,1.8379688262939453,84810
700,2.0706653594970703,100615
800,3.609180450439453,115891
900,1.9991397857666016,131170
1000,2.0372867584228516,146449
1100,2.0685195922851562,162264
1200,12.783527374267578,177719
1300,2.1610260009765625,193054
1400,2.2313594818115234,208333
1500,2.3088455200195312,223692
1600,2.3217201232910156,239435
1700,2.335071563720703,254712
1800,2.2308826446533203,269992
1900,2.2745132446289062,285271
2000,2.275705337524414,300636
2100,2.1953582763671875,315916
2200,2.378702163696289,331193
2300,2.426624298095703,346471
2400,2.336263656616211,361749
2500,2.303600311279297,377027
2600,2.4747848510742188,392875
2700,2.3827552795410156,408154
2800,2.3584365844726562,423433
2900,2.763509750366211,438820
3000,2.4318695068359375,454100
3100,2.4518966674804688,469489
3200,2.4073123931884766,484880
3300,2.3734569549560547,500159
3400,2.4716854095458984,515438
3500,2.4487972259521484,530717
3600,2.8352737426757812,545996
3700,2.4461746215820312,561275
3800,2.521991729736328,576552
3900,2.556324005126953,591958
4000,2.553701400756836,607236
4100,2.468585968017578,622514
4200,2.6509761810302734,637794
4300,2.5663375854492188,653073
4400,2.5177001953125,668346
4500,2.5374889373779297,683628
4600,2.658843994140625,698905
4700,2.5701522827148438,714793
4800,2.744436264038086,730070
4900,2.5932788848876953,745350
5000,2.605915069580078,760627
5100,2.550363540649414,775905
5200,2.598285675048828,791183
5300,2.5835037231445312,806463
5400,3.326416015625,821734
5500,2.657175064086914,837015
5600,3.0317306518554688,852455
5700,2.747058868408203,867732
5800,2.566814422607422,883010
5900,2.506732940673828,898288
6000,2.599000930786133,913566
6100,2.6502609252929688,928846
6200,2.5796890258789062,944125
6300,2.5763511657714844,959404
6400,2.6526451110839844,974683
6500,2.6116371154785156,989962
6600,2.771615982055664,1005423
6700,2.579212188720703,1020702
6800,2.7399063110351562,1035983
6900,2.654552459716797,1051261
7000,2.6597976684570312,1066542
7100,2.635955810546875,1081820
7200,2.7577877044677734,1097101
7300,2.610921859741211,1112379
7400,2.6285648345947266,1127660
7500,2.7332305908203125,1142940
7600,2.7532577514648438,1158220
7700,2.6731491088867188,1173500
7800,2.777099609375,1188980
7900,2.7735233306884766,1204264
8000,2.7093887329101562,1219544
8100,2.730131149291992,1234822
8200,2.846240997314453,1250101
8300,2.7256011962890625,1265382
8400,2.76947021484375,1280658
8500,2.784252166748047,1295938
8600,2.797842025756836,1311217
8700,2.6853084564208984,1326498
8800,2.789735794067383,1341776
8900,3.1054019927978516,1357057
9000,2.957582473754883,1372335
9100,2.920866012573242,1387846
9200,2.8982162475585938,1403127
9300,2.9282569885253906,1418407
9400,2.8417110443115234,1433687
9500,2.8748512268066406,1448967
9600,3.4661293029785156,1464247
9700,2.7060508728027344,1479527
9800,2.7234554290771484,1494807
9900,2.8247833251953125,1510087
10000,3.162860870361328,1525366
10100,2.732515335083008,1540646
10200,2.8073787689208984,1556392
10300,2.797842025756836,1571671
10400,2.771139144897461,1586951
10500,2.9458999633789062,1602497
10600,2.9325485229492188,1617778
10700,2.8867721557617188,1633059
10800,2.8672218322753906,1648340
10900,2.8913021087646484,1663621
11000,3.590822219848633,1678900
11100,3.0105113983154297,1694182
11200,2.965211868286133,1709461
11300,2.9125213623046875,1724743
11400,2.865314483642578,1740022
11500,2.753734588623047,1755302
11600,2.837657928466797,1770582
11700,2.910614013671875,1785862
11800,2.86865234375,1801134
11900,2.8412342071533203,1816420
12000,2.956390380859375,1831699
12100,3.0829906463623047,1846981
12200,2.8891563415527344,1862558
12300,2.9125213623046875,1877839
12400,2.9070377349853516,1893120
12500,2.842426300048828,1908399
12600,2.9442310333251953,1923681
12700,2.9981136322021484,1938962
12800,2.9249191284179688,1954243
12900,2.8710365295410156,1969524
13000,2.820730209350586,1984803
13100,2.9213428497314453,2000085
13200,2.9511451721191406,2015366
13300,2.994537353515625,2030645
13400,3.219127655029297,2045925
13500,3.659486770629883,2061205
13600,3.2491683959960938,2076487
13700,3.214597702026367,2091766
13800,3.823995590209961,2107046
13900,2.9299259185791016,2122328
14000,3.0298233032226562,2137937
14100,3.033161163330078,2153216
14200,3.1855106353759766,2168498
14300,3.1194686889648438,2183779
14400,3.0808448791503906,2199524
14500,3.035306930541992,2214803
14600,3.0434131622314453,2230085
14700,3.1468868255615234,2245366
14800,3.167390823364258,2260645
14900,3.052234649658203,2275925
15000,4.017353057861328,2291205
15100,3.3342838287353516,2306487
15200,5.128622055053711,2321766
15300,4.208803176879883,2337046
15400,3.1926631927490234,2352328
15500,3.2362937927246094,2367609
15600,3.1943321228027344,2382890
15700,3.132343292236328,2398169
15800,3.216266632080078,2413449
15900,3.1888484954833984,2428731
16000,3.132343292236328,2444010
16100,3.226041793823242,2459658
16200,3.1032562255859375,2474940
16300,3.12042236328125,2490217
16400,3.1418800354003906,2505500
16500,3.155231475830078,2520779
16600,3.1566619873046875,2536061
16700,3.1709671020507812,2551342
16800,3.162860870361328,2566621
16900,3.2422542572021484,2581903
17000,3.134012222290039,2597182
17100,3.2155513763427734,2612464
17200,3.0732154846191406,2627745
17300,3.318309783935547,2643024
17400,3.170013427734375,2658304
17500,3.2558441162109375,2673586
17600,3.1251907348632812,2688867
17700,3.2193660736083984,2704148
17800,3.077268600463867,2719427
17900,3.1654834747314453,2734709
18000,3.947734832763672,2749988
18100,3.1752586364746094,2765270
18200,2.9785633087158203,2780551
18300,3.1304359436035156,2795832
18400,3.007650375366211,2811527
18500,3.1380653381347656,2826809
18600,3.6706924438476562,2842090
18700,3.304004669189453,2857369
18800,3.1659603118896484,2872651
18900,3.2143592834472656,2887932
19000,3.299236297607422,2903211
19100,3.1778812408447266,2918493
19200,3.1235218048095703,2933774
19300,3.108501434326172,2949053
19400,3.095388412475586,2964333
19500,3.139495849609375,2979613
19600,3.2393932342529297,2994895
19700,3.3004283905029297,3010176
19800,3.211498260498047,3025455
19900,3.2470226287841797,3040737
20000,3.410816192626953,3056016
20100,3.229856491088867,3071296
20200,3.1211376190185547,3086578
20300,3.118276596069336,3101857
20400,3.245115280151367,3117137
20500,3.264188766479492,3132417
20600,3.154277801513672,3147697
20700,3.1480789184570312,3162979
20800,3.161191940307617,3178258
20900,3.124237060546875,3193538
21000,3.3185482025146484,3209292
21100,3.2339096069335938,3224573
21200,3.0875205993652344,3239854
21300,3.141164779663086,3255133
21400,3.1075477600097656,3270415
21500,3.1816959381103516,3285696
21600,3.1092166900634766,3300977
21700,3.1435489654541016,3316258
21800,3.184795379638672,3331537
21900,4.641532897949219,3346817
22000,3.210306167602539,3362097
22100,3.204822540283203,3377377
22200,4.023551940917969,3392657
22300,3.0930042266845703,3407939
22400,3.222227096557617,3423218
22500,3.115415573120117,3438498
22600,3.103971481323242,3453778
22700,3.0968189239501953,3469060
22800,3.072977066040039,3484339
22900,3.518819808959961,3499619
23000,3.252267837524414,3514899
23100,3.1845569610595703,3530181
23200,3.3295154571533203,3545462
23300,3.0946731567382812,3560743
23400,3.156423568725586,3576022
23500,3.165006637573242,3591302
23600,3.1638145446777344,3606584
23700,3.1251907348632812,3621865
23800,3.213644027709961,3637144
23900,3.3380985260009766,3652954
24000,3.1523704528808594,3668235
24100,3.1480789184570312,3683516
24200,3.1616687774658203,3698797
24300,3.168344497680664,3714076
24400,4.081010818481445,3729356
24500,3.383636474609375,3744636
24600,3.3762454986572266,3759918
24700,3.233194351196289,3775197
24800,3.4644603729248047,3790479
24900,3.350496292114258,3805758
25000,3.522157669067383,3821038
25100,3.266572952270508,3836318
25200,3.340482711791992,3851598
25300,3.4461021423339844,3866880
25400,3.3147335052490234,3882161
25500,3.28826904296875,3897438
25600,3.3042430877685547,3912721
25700,3.4198760986328125,3928002
25800,3.2880306243896484,3943311
25900,3.437519073486328,3951485
26000,3.3931732177734375,3951485
26100,3.3135414123535156,3964287
26200,3.4928321838378906,3979600
26300,3.5431385040283203,3994881
26400,4.473686218261719,4010224
26500,3.2935142517089844,4025506
26600,3.3524036407470703,4040787
26700,3.3445358276367188,4056068
26800,3.265857696533203,4071419
26900,3.249645233154297,4086699
27000,3.2355785369873047,4101981
27100,3.25775146484375,4117258
27200,3.2269954681396484,4132541
27300,3.2930374145507812,4147902
27400,3.4286975860595703,4163183
27500,3.731250762939453,4178462
27600,3.4973621368408203,4193744
27700,3.390789031982422,4209487
27800,3.2656192779541016,4224857
27900,3.2029151916503906,4240138
28000,3.3042430877685547,4255419
28100,3.2961368560791016,4270700
28200,3.2241344451904297,4285981
28300,3.1957626342773438,4301366
28400,3.2138824462890625,4316647
28500,3.3936500549316406,4331928
28600,3.165721893310547,4347207
28700,3.139019012451172,4362487
28800,3.294229507446289,4377767
28900,3.1545162200927734,4393049
29000,3.297567367553711,4408440
29100,3.256559371948242,4423720
29200,3.208637237548828,4439000
29300,3.2050609588623047,4454282
29400,3.2792091369628906,4469563
29500,3.434896469116211,4484842
29600,3.222942352294922,4500122
29700,3.321409225463867,4515530
29800,3.2851696014404297,4530812
29900,3.4008026123046875,4546093
30000,3.177642822265625,4561372
30100,3.2165050506591797,4576654
30200,3.351926803588867,4591933
30300,3.1926631927490234,4607215
30400,3.3762454986572266,4622496
30500,3.2851696014404297,4637921
30600,4.103660583496094,4653200
30700,3.255605697631836,4668480
30800,3.230571746826172,4683760
30900,3.3822059631347656,4699042
31000,3.2176971435546875,4714323
31100,3.2324790954589844,4729604
31200,3.289937973022461,4744883
31300,3.423929214477539,4760163
31400,4.405021667480469,4775603
31500,3.5774707794189453,4790885
31600,3.4551620483398438,4806166
31700,3.4017562866210938,4821447
31800,3.4880638122558594,4836728
31900,3.383159637451172,4852007
32000,3.532886505126953,4867287
32100,3.442525863647461,4882567
32200,3.5092830657958984,4897849
32300,3.436565399169922,4913128
32400,3.5047531127929688,4928594
32500,3.4034252166748047,4943875
32600,3.4027099609375,4959150
32700,3.6149024963378906,4974434
32800,4.19163703918457,4989711
32900,3.6296844482421875,5004994
33000,3.551959991455078,5020273
33100,3.437519073486328,5035553
33200,3.401517868041992,5050833
33300,3.335237503051758,5066113
33400,3.4253597259521484,5081395
33500,3.387451171875,5096876
33600,3.4568309783935547,5112161
33700,3.4062862396240234,5127442
33800,3.3495426177978516,5142723
33900,3.2761096954345703,5158004
34000,3.4570693969726562,5173285
34100,3.486156463623047,5188564
34200,3.2634735107421875,5203846
34300,3.3423900604248047,5219127
34400,3.4072399139404297,5234408
34500,3.337383270263672,5249687
34600,3.278493881225586,5264967
34700,3.338336944580078,5280247
34800,4.220247268676758,5295759
34900,3.4427642822265625,5311041
35000,3.5774707794189453,5326322
35100,3.47900390625,5341593
35200,3.4286975860595703,5356879
35300,3.373384475708008,5372158
35400,3.5202503204345703,5387440
35500,3.4668445587158203,5402721
35600,3.3402442932128906,5418002
35700,3.374814987182617,5433281
35800,3.6797523498535156,5448563
35900,3.370046615600586,5463842
36000,3.350973129272461,5479122
36100,3.392934799194336,5494402
36200,3.4246444702148438,5509684
36300,3.6764144897460938,5525229
36400,3.4456253051757812,5540510
36500,3.434896469116211,5555789
36600,3.4143924713134766,5571071
36700,3.599405288696289,5586350
36800,3.464937210083008,5601630
36900,3.439664840698242,5616910
37000,3.3674240112304688,5632192
37100,3.3807754516601562,5647473
37200,3.650188446044922,5662752
37300,3.437519073486328,5678032
37400,3.3385753631591797,5693314
37500,3.4644603729248047,5708595
37600,3.4379959106445312,5723876
37700,3.2775402069091797,5739157
37800,3.4537315368652344,5754438
37900,3.511667251586914,5770013
38000,3.3876895904541016,5785295
38100,3.490924835205078,5800574
38200,3.3981800079345703,5815856
38300,3.439188003540039,5831135
38400,3.4332275390625,5846411
38500,3.3080577850341797,5861695
38600,3.5219192504882812,5876976
38700,3.4422874450683594,5892257
38800,3.357410430908203,5907536
38900,3.477334976196289,5922816
39000,4.530191421508789,5938096
39100,3.692150115966797,5953376
39200,3.558635711669922,5968656
39300,3.4503936767578125,5983938
39400,3.7398338317871094,5999219
39500,3.5042762756347656,6014500
39600,3.3719539642333984,6029781
39700,3.475666046142578,6045060
39800,3.4689903259277344,6060670
39900,3.5674571990966797,6075951
40000,3.5936832427978516,6091232
40100,3.468751907348633,6106511
40200,3.4291744232177734,6121793
40300,3.6818981170654297,6137074
40400,3.551959991455078,6152353
40500,3.392457962036133,6167633
40600,3.4079551696777344,6182915
40700,3.439188003540039,6198194
40800,3.637552261352539,6213474
40900,3.5092830657958984,6228756
41000,3.4475326538085938,6244037
41100,3.4880638122558594,6259318
41200,3.4761428833007812,6274599
41300,3.5305023193359375,6289880
41400,3.5758018493652344,6305161
41500,3.5643577575683594,6320442
41600,3.4880638122558594,6335723
41700,3.56292724609375,6351000
41800,3.6842823028564453,6366651
41900,3.5026073455810547,6381932
42000,3.5164356231689453,6397213
42100,3.7064552307128906,6412494
42200,3.426790237426758,6427773
42300,3.3850669860839844,6443055
42400,3.4897327423095703,6458336
42500,3.448963165283203,6473615
42600,3.501415252685547,6488895
42700,3.412961959838867,6504175
42800,3.5047531127929688,6519457
42900,3.414154052734375,6534736
43000,3.3745765686035156,6550018
43100,3.4782886505126953,6565299
43200,4.46319580078125,6580576
43300,3.4401416778564453,6595859
43400,3.4303665161132812,6611140
43500,3.5293102264404297,6626421
43600,3.4601688385009766,6641702
43700,3.468751907348633,6656981
43800,5.685329437255859,6672261
43900,3.465890884399414,6687541
44000,3.3333301544189453,6702823
44100,3.437519073486328,6718518
44200,3.3121109008789062,6733800
44300,3.305673599243164,6749079
44400,3.3164024353027344,6764361
44500,3.3028125762939453,6779642
44600,3.4637451171875,6794917
44700,3.3752918243408203,6810201
44800,3.6351680755615234,6825482
44900,3.417491912841797,6840761
45000,3.3423900604248047,6856043
45100,3.3206939697265625,6871324
45200,3.2944679260253906,6886605
45300,3.6487579345703125,6901886
45400,3.3419132232666016,6917167
45500,3.3605098724365234,6932448
45600,3.4341812133789062,6947729
45700,3.483295440673828,6963008
45800,3.3674240112304688,6978290
45900,3.347635269165039,6993569
46000,3.4356117248535156,7008851
46100,3.313779830932617,7024130
46200,3.384113311767578,7039874
46300,3.4575462341308594,7055156
46400,3.3686161041259766,7070437
46500,3.3829212188720703,7085718
46600,3.613710403442383,7100997
46700,3.5331249237060547,7116751
46800,5.625486373901367,7132030
46900,3.8869380950927734,7147312
47000,5.186557769775391,7162591
47100,3.889322280883789,7177871
47200,3.5114288330078125,7193153
47300,3.658294677734375,7208432
47400,6.767749786376953,7223712
47500,3.6377906799316406,7238994
47600,3.625154495239258,7254273
47700,41.89109802246094,7269129
47800,3.5567283630371094,7284467
47900,3.5114288330078125,7299748
48000,3.715991973876953,7315027
48100,3.7734508514404297,7330309
48200,3.863096237182617,7345588
48300,3.657102584838867,7360868
48400,3.774404525756836,7376148
48500,3.6172866821289062,7391430
48600,3.5059452056884766,7406711
48700,3.5219192504882812,7421992
48800,3.60870361328125,7437269
48900,3.8728713989257812,7452552
49000,3.707408905029297,7467831
49100,3.6890506744384766,7483113
49200,3.5552978515625,7498388
49300,3.699779510498047,7513670
49400,3.606081008911133,7528950
49500,3.817319869995117,7544230
49600,3.6194324493408203,7559512
49700,3.723621368408203,7575319
49800,3.6978721618652344,7590601
49900,3.557443618774414,7605880
50000,3.463268280029297,7621160
50100,3.453969955444336,7636904
50200,3.467559814453125,7652184
50300,3.520488739013672,7667464
50400,3.4406185150146484,7682746
50500,3.4639835357666016,7698027
50600,3.5974979400634766,7713308
50700,3.4596920013427734,7728589
50800,3.384113311767578,7743868
50900,3.6058425903320312,7759150
51000,3.5347938537597656,7774431
51100,3.4656524658203125,7789712
51200,3.542184829711914,7797904
51300,3.4537315368652344,7797904
51400,3.433704376220703,7810909
51500,3.704547882080078,7826221
51600,3.634929656982422,7841501
51700,3.4646987915039062,7856847
51800,3.820180892944336,7872126
51900,5.59234619140625,7887404
52000,3.6072731018066406,7902687
52100,3.519773483276367,7918038
52200,3.5789012908935547,7933320
52300,3.690004348754883,7948599
52400,3.4852027893066406,7963881
52500,3.457784652709961,7979160
52600,3.7992000579833984,7994522
52700,3.918170928955078,8009801
52800,3.6127567291259766,8025083
52900,3.5059452056884766,8040364
53000,3.724336624145508,8055643
53100,3.626585006713867,8071011
53200,3.4782886505126953,8086293
53300,3.595113754272461,8101572
53400,3.445148468017578,8116852
53500,3.442525863647461,8132132
53600,4.131793975830078,8147516
53700,3.8404464721679688,8162798
53800,3.543376922607422,8178077
53900,3.527402877807617,8193357
54000,3.704547882080078,8208637
54100,3.536701202392578,8223917
54200,3.561735153198242,8239197
54300,3.5643577575683594,8254591
54400,3.7796497344970703,8269872
54500,3.614187240600586,8285151
54600,3.529787063598633,8300431
54700,3.705263137817383,8315711
54800,3.8106441497802734,8330993
54900,5.792379379272461,8346272
55000,5.72967529296875,8361678
55100,7.348775863647461,8376959
55200,9.650468826293945,8392239
55300,4.515647888183594,8407519
55400,3.9141178131103516,8422801
55500,3.9649009704589844,8438082
55600,3.999471664428711,8453361
55700,4.215478897094727,8468641
55800,4.16874885559082,8484063
55900,3.938913345336914,8499344
56000,4.228830337524414,8514624
56100,5.545854568481445,8529904
56200,4.0721893310546875,8545186
56300,3.979206085205078,8560465
56400,4.032135009765625,8575745
56500,4.045009613037109,8591025
56600,4.049539566040039,8606305
56700,3.8547515869140625,8621747
56800,4.225969314575195,8637026
56900,3.926515579223633,8652306
57000,3.924131393432617,8667586
57100,4.081487655639648,8682866
57200,4.500150680541992,8698146
57300,4.211187362670898,8713426
57400,4.060029983520508,8728706
57500,4.185199737548828,8743986
57600,5.4492950439453125,8759268
57700,4.12440299987793,8774729
57800,4.013538360595703,8790010
57900,4.176855087280273,8805290
58000,4.005670547485352,8820570
58100,4.022836685180664,8835850
58200,4.066705703735352,8851130
58300,4.057645797729492,8866410
58400,3.9527416229248047,8881692
58500,3.9806365966796875,8896973
58600,4.08625602722168,8912250
58700,4.027843475341797,8927531
58800,4.155635833740234,8943019
58900,4.02069091796875,8958297
59000,3.792285919189453,8973578
59100,4.023551940917969,8988858
59200,3.956317901611328,9004138
59300,3.995180130004883,9019418
59400,3.905057907104492,9034698
59500,3.950357437133789,9049978
59600,3.9610862731933594,9065260
59700,3.7980079650878906,9080541
59800,4.156351089477539,9095820
59900,4.0111541748046875,9111102
60000,3.9632320404052734,9126383
60100,3.9103031158447266,9141896
60200,4.06646728515625,9157173
60300,5.429506301879883,9172454
60400,3.9718151092529297,9187736
60500,3.7682056427001953,9203017
60600,3.9396286010742188,9218298
60700,4.038572311401367,9233577
60800,3.897428512573242,9248857
60900,3.8161277770996094,9264139
61000,4.131793975830078,9279418
61100,3.921985626220703,9294698
61200,3.7183761596679688,9309980
61300,3.7126541137695312,9325261
61400,3.938436508178711,9340540
61500,3.779172897338867,9355820
61600,3.766775131225586,9371364
61700,3.8361549377441406,9386646
61800,3.911733627319336,9401925
61900,3.8819313049316406,9417207
62000,3.8576126098632812,9432488
62100,3.9000511169433594,9447769
62200,4.171848297119141,9463048
62300,3.9653778076171875,9478330
62400,3.928661346435547,9493609
62500,3.8976669311523438,9508891
62600,3.9682388305664062,9524172
62700,3.736257553100586,9539451
62800,3.968954086303711,9554731
62900,3.8030147552490234,9570013
63000,3.9713382720947266,9585294
63100,3.8793087005615234,9600575
63200,3.795623779296875,9616150
63300,3.8099288940429688,9631432
63400,3.834962844848633,9646711
63500,3.9031505584716797,9661993
63600,3.7996768951416016,9677274
63700,3.713846206665039,9692553
63800,3.926992416381836,9707833
63900,3.889799118041992,9723113
64000,3.750324249267578,9738393
64100,3.862142562866211,9753673
64200,3.972768783569336,9768953
64300,3.664731979370117,9784233
64400,3.7353038787841797,9799515
64500,5.082845687866211,9814794
64600,4.064083099365234,9830074
64700,3.74603271484375,9845352
64800,3.729104995727539,9860633
64900,3.9000511169433594,9875915
65000,3.757953643798828,9891194
65100,3.7720203399658203,9906804
65200,3.7593841552734375,9922085
65300,3.783702850341797,9937364
65400,3.8547515869140625,9952646
65500,3.729581832885742,9967925
65600,3.865480422973633,9983205
65700,3.6983489990234375,9998487
65800,3.880739212036133,10013766
65900,3.8063526153564453,10029049
66000,3.6420822143554688,10044331
66100,3.701448440551758,10059611
66200,3.8039684295654297,10074894
66300,3.8461685180664062,10090176
66400,3.6940574645996094,10105458
66500,3.664255142211914,10120738
66600,3.8580894470214844,10136021
66700,3.711700439453125,10151301
66800,3.7467479705810547,10166584
66900,3.6826133728027344,10181866
67000,3.6869049072265625,10197148
67100,3.843069076538086,10212796
67200,3.706693649291992,10228077
67300,3.756999969482422,10243358
67400,3.667116165161133,10258639
67500,3.8950443267822266,10273922
67600,3.7374496459960938,10289204
67700,3.726482391357422,10304484
67800,3.7093162536621094,10319767
67900,4.137516021728516,10335047
68000,3.741025924682617,10350328
68100,3.719806671142578,10365609
68200,3.693819046020508,10380890
68300,3.7183761596679688,10396173
68400,3.823518753051758,10411453
68500,3.7262439727783203,10426736
68600,3.7016868591308594,10442018
68700,4.992961883544922,10457298
68800,3.5326480865478516,10472581
68900,3.5593509674072266,10487863
69000,3.5703182220458984,10503145
69100,3.7047863006591797,10518427
69200,3.6025047302246094,10533709
69300,3.574371337890625,10548989
69400,3.6318302154541016,10564688
69500,3.4821033477783203,10579970
69600,3.612995147705078,10595250
69700,3.6420822143554688,10610533
69800,3.607034683227539,10625813
69900,3.565549850463867,10641094
70000,3.592967987060547,10656375
70100,3.660440444946289,10671656
70200,3.580331802368164,10686937
70300,3.592967987060547,10702218
70400,3.7140846252441406,10717501
70500,3.640890121459961,10732781
70600,3.5812854766845703,10748064
70700,3.589153289794922,10763344
70800,3.6482810974121094,10778627
70900,3.667116165161133,10793907
71000,3.5970211029052734,10809190
71100,3.661632537841797,10824470
71200,3.6687850952148438,10839753
71300,3.7217140197753906,10855035
71400,3.7314891815185547,10870317
71500,3.601551055908203,10885597
71600,3.5851001739501953,10900880
71700,3.656625747680664,10916160
71800,3.622770309448242,10931441
71900,3.7565231323242188,10946724
72000,3.5822391510009766,10962478
72100,3.5974979400634766,10977760
72200,3.991842269897461,10993040
72300,3.6973953247070312,11008323
72400,3.7183761596679688,11023605
72500,3.6458969116210938,11038887
72600,3.960847854614258,11054167
72700,3.7047863006591797,11069450
72800,3.7453174591064453,11084732
72900,4.881143569946289,11100012
73000,3.703594207763672,11115293
73100,3.5429000854492188,11130576
73200,3.6220550537109375,11145858
73300,3.6842823028564453,11161140
73400,3.803730010986328,11176420
73500,3.6051273345947266,11191703
73600,3.6842823028564453,11206985
73700,3.5893917083740234,11222267
73800,3.878355026245117,11237547
73900,3.47137451171875,11252826
74000,3.664255142211914,11268108
74100,3.6449432373046875,11283391
74200,3.542661666870117,11298671
74300,4.449605941772461,11313952
74400,3.634214401245117,11329233
74500,3.696918487548828,11344514
74600,3.660440444946289,11359795
74700,3.699064254760742,11375076
74800,3.5572052001953125,11390359
74900,3.5905838012695312,11405641
75000,3.551006317138672,11421449
75100,3.5893917083740234,11436732
75200,3.5550594329833984,11452014
75300,3.456592559814453,11467294
75400,3.5326480865478516,11482577
75500,3.4542083740234375,11497859
75600,3.722667694091797,11513139
75700,3.5021305084228516,11528422
75800,3.5834312438964844,11543704
75900,3.5316944122314453,11558986
76000,3.576517105102539,11574266
76100,3.652334213256836,11589547
76200,3.6492347717285156,11597722
76300,3.5834312438964844,11597722
76400,3.9246082305908203,11610914
76500,3.7415027618408203,11626228
76600,3.534555435180664,11641508
76700,3.4775733947753906,11656855
76800,3.6492347717285156,11672137
76900,4.572153091430664,11687417
77000,4.014492034912109,11702698
77100,4.94694709777832,11718049
77200,4.027366638183594,11733331
77300,4.189252853393555,11748612
77400,4.361152648925781,11763893
77500,3.9391517639160156,11779176
77600,3.904104232788086,11794536
77700,3.804922103881836,11809817
77800,3.9894580841064453,11825100
77900,3.782510757446289,11840380
78000,3.8089752197265625,11855663
78100,3.7038326263427734,11871033
78200,3.850221633911133,11886313
78300,3.6759376525878906,11901596
78400,4.224538803100586,11916876
78500,3.753662109375,11932151
78600,3.700733184814453,11947539
78700,3.6916732788085938,11962822
78800,3.770112991333008,11978102
78900,3.8652420043945312,11993385
79000,3.7386417388916016,12008667
79100,3.683328628540039,12023947
79200,3.9658546447753906,12039230
79300,3.8509368896484375,12054624
79400,3.6873817443847656,12069906
79500,3.637075424194336,12085186
79600,3.783702850341797,12100467
79700,3.8726329803466797,12115750
79800,3.726959228515625,12131030
79900,3.7779808044433594,12146313
80000,3.628969192504883,12161721
80100,3.867626190185547,12177002
80200,3.6318302154541016,12192285
80300,3.788471221923828,12207565
80400,3.7200450897216797,12222848
80500,3.7529468536376953,12238130
80600,3.7577152252197266,12253412
80700,3.638744354248047,12268692
80800,3.7088394165039062,12284119
80900,3.961324691772461,12299399
81000,3.7491321563720703,12314682
81100,3.6194324493408203,12329964
81200,3.6344528198242188,12345246
81300,4.994392395019531,12360526
81400,3.7348270416259766,12375809
81500,3.682851791381836,12391089
81600,3.727436065673828,12406370
81700,3.7293434143066406,12421813
81800,3.7622451782226562,12437095
81900,3.7240982055664062,12452377
82000,3.7932395935058594,12467659
82100,3.6923885345458984,12482941
82200,3.985881805419922,12498221
82300,3.672361373901367,12513502
82400,3.8480758666992188,12528785
82500,3.7856101989746094,12544067
82600,3.8576126098632812,12559349
82700,3.7200450897216797,12574815
82800,3.7741661071777344,12590097
82900,3.676176071166992,12605377
83000,3.7424564361572266,12620660
83100,3.735780715942383,12635940
83200,3.7207603454589844,12651223
83300,3.7021636962890625,12666505
83400,3.786325454711914,12681785
83500,3.6475658416748047,12697068
83600,3.7009716033935547,12712350
83700,3.7217140197753906,12727632
83800,3.726959228515625,12743120
83900,3.7453174591064453,12758403
84000,3.6509037017822266,12773685
84100,3.782987594604492,12788965
84200,3.622293472290039,12804246
84300,3.7419795989990234,12819529
84400,3.673553466796875,12834809
84500,3.7789344787597656,12850092
84600,3.678560256958008,12865372
84700,3.6971569061279297,12880655
84800,3.77655029296875,12895933
84900,3.6482810974121094,12911217
85000,3.6902427673339844,12926499
85100,3.6711692810058594,12942013
85200,4.507780075073242,12957293
85300,4.165410995483398,12972574
85400,3.840923309326172,12987855
85500,5.410432815551758,13003136
85600,3.864288330078125,13018417
85700,3.7567615509033203,13033700
85800,3.766298294067383,13048980
85900,3.9281845092773438,13064263
86000,3.7202835083007812,13079545
86100,3.717660903930664,13094825
86200,3.7994384765625,13110102
86300,5.6552886962890625,13125387
86400,6.875753402709961,13140667
86500,7.292270660400391,13155948
86600,7.739782333374023,13171493
86700,7.005929946899414,13186774
86800,4.520654678344727,13202055
86900,4.397392272949219,13217336
87000,4.127025604248047,13232617
87100,4.21452522277832,13247896
87200,4.143238067626953,13263178
87300,4.154443740844727,13278459
87400,4.12750244140625,13293738
87500,9.108543395996094,13309020
87600,4.317283630371094,13324301
87700,4.4040679931640625,13339584
87800,4.081964492797852,13354864
87900,4.00233268737793,13370143
88000,4.014730453491211,13385425
88100,4.263877868652344,13400706
88200,4.058837890625,13416277
88300,4.224061965942383,13432025
88400,3.9305686950683594,13447308
88500,3.9229393005371094,13462590
88600,3.960132598876953,13477870
88700,4.019737243652344,13493151
88800,3.860950469970703,13508432
88900,4.1351318359375,13523709
89000,3.992319107055664,13538992
89100,4.030466079711914,13554273
89200,3.880739212036133,13569554
89300,4.296064376831055,13584835
89400,4.081487655639648,13600116
89500,3.9339065551757812,13615399
89600,4.85539436340332,13630677
89700,5.416154861450195,13645959
89800,3.9458274841308594,13661242
89900,3.9904117584228516,13676524
90000,4.359006881713867,13691804
90100,4.086494445800781,13707413
90200,3.965139389038086,13722694
90300,4.026889801025391,13737975
90400,4.1484832763671875,13753258
90500,4.022836685180664,13768538
90600,3.8928985595703125,13783821
90700,3.951549530029297,13799101
90800,3.9649009704589844,13814384
90900,3.9713382720947266,13829666
91000,3.8743019104003906,13844948
91100,4.032611846923828,13860228
91200,3.9560794830322266,13875511
91300,3.9746761322021484,13890793
91400,3.9434432983398438,13906075
91500,4.119157791137695,13921355
91600,4.000663757324219,13936636
91700,3.891468048095703,13951917
91800,4.026174545288086,13967198
91900,4.083395004272461,13982479
92000,3.875255584716797,13997760
92100,3.786802291870117,14013409
92200,3.8847923278808594,14028692
92300,3.8819313049316406,14043974
92400,3.8657188415527344,14059256
92500,3.859281539916992,14074536
92600,3.770112991333008,14089817
92700,3.840923309326172,14105098
92800,3.869295120239258,14120379
92900,3.913402557373047,14135660
93000,3.8940906524658203,14150943
93100,3.7713050842285156,14166225
93200,4.173755645751953,14181505
93300,3.810882568359375,14196786
93400,3.8099288940429688,14212069
93500,3.9708614349365234,14227351
93600,4.05573844909668,14242629
93700,3.8568973541259766,14257913
93800,3.854990005493164,14273193
93900,5.636692047119141,14288474
94000,3.931283950805664,14303755
94100,3.7488937377929688,14319038
94200,3.7882328033447266,14334320
94300,90.5311107635498,14349078
94400,3.6911964416503906,14364834
94500,3.6721229553222656,14380116
94600,3.860950469970703,14395396
94700,3.7279129028320312,14410679
94800,3.6668777465820312,14425961
94900,3.6449432373046875,14441243
95000,4.572153091430664,14456523
95100,3.77655029296875,14471802
95200,3.698587417602539,14487084
95300,3.873586654663086,14502365
95400,3.869771957397461,14517646
95500,3.705263137817383,14532927
95600,3.7336349487304688,14548210
95700,3.786802291870117,14563490
95800,3.9162635803222656,14578773
95900,3.8568973541259766,14594055
96000,3.794431686401367,14609335
96100,3.6787986755371094,14624618
96200,4.038333892822266,14639898
96300,3.7119388580322266,14655645
96400,3.741025924682617,14670925
96500,3.696441650390625,14686206
96600,3.7031173706054688,14701489
96700,3.7577152252197266,14716771
96800,3.5886764526367188,14732053
96900,3.5715103149414062,14747335
97000,3.5719871520996094,14763089
97100,3.7429332733154297,14778371
97200,3.7109851837158203,14793653
97300,3.519296646118164,14808933
97400,3.695249557495117,14824214
97500,3.694772720336914,14839495
97600,3.5309791564941406,14854778
97700,3.5932064056396484,14870060
97800,3.632783889770508,14885340
97900,3.5858154296875,14900617
98000,3.6411285400390625,14915902
98100,3.723621368408203,14931182
98200,3.5543441772460938,14946465
98300,3.551006317138672,14961745
98400,3.877878189086914,14977026
98500,5.321979522705078,14992307
98600,3.630399703979492,15007588
98700,3.6067962646484375,15022871
98800,3.7560462951660156,15038153
98900,3.548145294189453,15053433
99000,3.6084651947021484,15068716
99100,3.60107421875,15083988
99200,3.911733627319336,15099273
99300,3.6356449127197266,15114556
99400,3.631114959716797,15129836
99500,3.7288665771484375,15145119
99600,3.7016868591308594,15160401
99700,3.6242008209228516,15175683
99800,3.6475658416748047,15190965
99900,3.733396530151367,15206245
100000,3.5550594329833984,15222057
**********************************************
100000,0.6463527679443359,2.0470619201660156
99900,0.54931640625,2.810955047607422
99800,1.2252330780029297,2.5527477264404297
99700,0.7352828979492188,3.409862518310547
99600,1.0800361633300781,2.4480819702148438
99500,1.2412071228027344,2.73895263671875
99400,0.7634162902832031,2.8142929077148438
99300,0.8997917175292969,2.317190170288086
99200,0.6935596466064453,3.1201839447021484
99100,0.6756782531738281,2.2797584533691406
99000,0.7047653198242188,2.2115707397460938
98900,0.6139278411865234,2.106904983520508
98800,0.5936622619628906,2.122163772583008
98700,0.5803108215332031,2.3851394653320312
98600,0.7259845733642578,2.234935760498047
98500,0.6594657897949219,2.3505687713623047
98400,0.6055831909179688,2.560138702392578
98300,0.6375312805175781,2.3241043090820312
98200,0.6778240203857422,2.142667770385742
98100,0.6906986236572266,2.1631717681884766
98000,0.6105899810791016,2.115488052368164
97900,0.6430149078369141,2.0935535430908203
97800,0.6563663482666016,2.0949840545654297
97700,0.5857944488525391,2.090930938720703
97600,0.5602836608886719,2.0911693572998047
97500,0.5726814270019531,2.2068023681640625
97400,0.5676746368408203,2.0999908447265625
97300,0.6091594696044922,2.253293991088867
97200,1.4116764068603516,2.3033618927001953
97100,0.6611347198486328,2.092599868774414
97000,0.6108283996582031,2.1178722381591797
96900,0.7240772247314453,2.3097991943359375
96800,0.6475448608398438,2.1817684173583984
96700,0.6139278411865234,2.0842552185058594
96600,0.6837844848632812,2.2268295288085938
96500,0.6341934204101562,2.145528793334961
96400,0.6363391876220703,2.2020339965820312
96300,0.5645751953125,2.1691322326660156
96200,0.6039142608642578,2.0804405212402344
96100,0.5929470062255859,2.0449161529541016
96000,0.5996227264404297,2.1865367889404297
95900,0.6120204925537109,2.070188522338867
95800,0.5800724029541016,2.0284652709960938
95700,0.5812644958496094,2.0122528076171875
95600,0.6139278411865234,2.1085739135742188
95500,0.5857944488525391,2.0394325256347656
95400,0.6306171417236328,2.0513534545898438
95300,0.629425048828125,2.1505355834960938
95200,0.6556510925292969,2.146005630493164
95100,0.5910396575927734,2.0492076873779297
95000,0.6465911865234375,2.0804405212402344
94900,0.5941390991210938,2.117633819580078
94800,0.5879402160644531,2.0465850830078125
94700,0.5841255187988281,2.1581649780273438
94600,0.5660057067871094,2.112865447998047
94500,0.5638599395751953,2.0182132720947266
94400,0.5652904510498047,2.0515918731689453
94300,0.5948543548583984,2.01416015625
94200,0.576019287109375,2.061605453491211
94100,0.5667209625244141,2.0508766174316406
94000,0.5631446838378906,2.027750015258789
93900,0.5474090576171875,2.02178955078125
93800,0.5910396575927734,2.0055770874023438
93700,0.6284713745117188,2.019643783569336
93600,0.5843639373779297,2.012968063354492
93500,0.5805492401123047,1.9903182983398438
93400,0.5354881286621094,2.2499561309814453
93300,0.7259845733642578,2.4046897888183594
93200,0.6897449493408203,2.3012161254882812
93100,0.7927417755126953,2.123594284057617
93000,0.6074905395507812,2.0415782928466797
92900,0.6072521209716797,2.093076705932617
92800,0.6237030029296875,2.3345947265625
92700,0.6110668182373047,2.057790756225586
92600,0.6105899810791016,2.071857452392578
92500,0.5786418914794922,2.3262500762939453
92400,0.7023811340332031,2.122163772583008
92300,0.6394386291503906,2.0394325256347656
92200,0.6303787231445312,2.0723342895507812
92100,1.026153564453125,3.745555877685547
92000,0.9996891021728516,2.178192138671875
91900,0.576019287109375,2.1686553955078125
91800,0.5896091461181641,2.0439624786376953
91700,0.5669593811035156,2.0067691802978516
91600,0.57220458984375,2.045869827270508
91500,0.5769729614257812,2.0596981048583984
91400,0.5497932434082031,1.9657611846923828
91300,0.5385875701904297,1.9676685333251953
91200,0.6012916564941406,2.033710479736328
91100,0.5865097045898438,2.0122528076171875
91000,0.5445480346679688,1.9788742065429688
90900,0.5774497985839844,2.0294189453125
90800,0.5757808685302734,1.947641372680664
90700,0.5557537078857422,1.9943714141845703
90600,0.5774497985839844,1.9717216491699219
90500,0.6985664367675781,2.0809173583984375
90400,0.5898475646972656,2.073526382446289
90300,0.6206035614013672,2.053976058959961
90200,0.6387233734130859,2.2330284118652344
90100,0.7026195526123047,2.105712890625
90000,0.6041526794433594,2.0189285278320312
89900,0.6392002105712891,2.0742416381835938
89800,0.7121562957763672,2.118349075317383
89700,0.621795654296875,2.1250247955322266
89600,0.5860328674316406,2.164602279663086
89500,0.614166259765625,2.1615028381347656
89400,0.6191730499267578,2.059459686279297
89300,0.5970001220703125,2.1712779998779297
89200,0.6122589111328125,2.1164417266845703
89100,0.6139278411865234,2.125263214111328
89000,0.5910396575927734,2.1038055419921875
88900,0.6353855133056641,2.1142959594726562
88800,0.6172657012939453,2.0699501037597656
88700,0.5939006805419922,2.038240432739258
88600,0.5626678466796875,2.2051334381103516
88500,0.5781650543212891,2.0418167114257812
88400,0.5810260772705078,2.025127410888672
88300,0.5972385406494141,2.1958351135253906
88200,0.621795654296875,2.0554065704345703
88100,0.5886554718017578,2.026796340942383
88000,0.6170272827148438,2.044677734375
87900,0.5953311920166016,2.0682811737060547
87800,0.5714893341064453,2.0084381103515625
87700,0.579833984375,2.029895782470703
87600,0.6198883056640625,2.1827220916748047
87500,0.5786418914794922,2.0418167114257812
87400,0.5896091461181641,2.0728111267089844
87300,0.5793571472167969,1.9731521606445312
87200,0.6535053253173828,2.2094249725341797
87100,0.6558895111083984,2.0949840545654297
87000,0.6146430969238281,2.054929733276367
86900,0.6158351898193359,2.032756805419922
86800,0.6105899810791016,2.025127410888672
86700,0.5524158477783203,2.040863037109375
86600,0.6108283996582031,2.183198928833008
86500,0.6036758422851562,2.038240432739258
86400,0.5459785461425781,2.0558834075927734
86300,0.5710124969482422,1.9915103912353516
86200,0.5583763122558594,2.0096302032470703
86100,0.5486011505126953,2.0275115966796875
86000,0.5655288696289062,1.974344253540039
85900,0.6434917449951172,1.9919872283935547
85800,0.5774497985839844,2.028942108154297
85700,0.5779266357421875,2.02178955078125
85600,0.5724430084228516,1.9593238830566406
85500,0.6327629089355469,2.1228790283203125
85400,0.6060600280761719,2.0575523376464844
85300,0.5691051483154297,2.0134449005126953
85200,0.797271728515625,2.1514892578125
85100,0.6473064422607422,2.0568370819091797
85000,0.6155967712402344,2.0241737365722656
84900,0.5655288696289062,2.111196517944336
84800,0.5977153778076172,2.027273178100586
84700,0.5640983581542969,1.9905567169189453
84600,0.6105899810791016,2.042531967163086
84500,0.5872249603271484,2.0537376403808594
84400,0.5612373352050781,2.0422935485839844
84300,0.5733966827392578,1.9681453704833984
84200,0.5354881286621094,2.0656585693359375
84100,0.6768703460693359,2.1746158599853516
84000,0.5986690521240234,2.087116241455078
83900,0.5738735198974609,2.0258426666259766
83800,0.6272792816162109,2.051115036010742
83700,0.5767345428466797,2.0079612731933594
83600,0.5588531494140625,1.9564628601074219
83500,0.644683837890625,2.088308334350586
83400,0.5702972412109375,2.0291805267333984
83300,0.5769729614257812,1.99127197265625
83200,0.5443096160888672,2.007722854614258
83100,0.7259845733642578,2.161741256713867
83000,0.6034374237060547,2.0055770874023438
82900,0.5674362182617188,1.9917488098144531
82800,0.7169246673583984,2.175569534301758
82700,0.8058547973632812,2.0873546600341797
82600,0.5829334259033203,2.030611038208008
82500,0.5686283111572266,2.2056102752685547
82400,0.6082057952880859,1.9991397857666016
82300,0.5762577056884766,2.054929733276367
82200,0.5822181701660156,1.9977092742919922
82100,0.5676746368408203,2.0203590393066406
82000,0.5986690521240234,1.9855499267578125
81900,0.5462169647216797,2.043485641479492
81800,0.5793571472167969,2.221822738647461
81700,0.6122589111328125,2.0949840545654297
81600,0.6070137023925781,2.1200180053710938
81500,0.576019287109375,2.0377635955810547
81400,0.8349418640136719,2.099752426147461
81300,0.5769729614257812,2.0589828491210938
81200,0.5877017974853516,2.071380615234375
81100,0.5705356597900391,2.2983551025390625
81000,0.6022453308105469,2.1021366119384766
80900,0.5998611450195312,2.0682811737060547
80800,0.5726814270019531,2.064943313598633
80700,0.5948543548583984,2.0198822021484375
80600,0.64849853515625,2.0906925201416016
80500,0.5788803100585938,2.0694732666015625
80400,0.6721019744873047,2.109527587890625
80300,0.5917549133300781,2.1207332611083984
80200,0.5583763122558594,2.0461082458496094
80100,0.5958080291748047,2.1927356719970703
80000,0.5578994750976562,2.01416015625
79900,0.5881786346435547,2.045154571533203
79800,0.5662441253662109,2.025604248046875
79700,1.8033981323242188,2.4001598358154297
79600,0.6575584411621094,2.201080322265625
79500,0.6749629974365234,2.3059844970703125
79400,0.6730556488037109,2.1507740020751953
79300,0.6012916564941406,2.042531967163086
79200,0.6079673767089844,2.1126270294189453
79100,0.8149147033691406,2.287626266479492
79000,0.9844303131103516,2.1903514862060547
78900,0.6086826324462891,2.1796226501464844
78800,0.5707740783691406,2.257108688354492
78700,0.5936622619628906,2.0406246185302734
78600,0.5860328674316406,2.0720958709716797
78500,0.5879402160644531,2.1288394927978516
78400,0.6244182586669922,2.0630359649658203
78300,0.6101131439208984,2.0830631256103516
78200,0.6122589111328125,2.0716190338134766
78100,0.6425380706787109,2.239704132080078
78000,0.6556510925292969,2.078533172607422
77900,0.6005764007568359,2.0341873168945312
77800,0.75531005859375,2.2454261779785156
77700,0.6456375122070312,2.101898193359375
77600,0.5686283111572266,2.0475387573242188
77500,0.5960464477539062,2.3937225341796875
77400,0.6427764892578125,2.152681350708008
77300,0.6177425384521484,2.0818710327148438
77200,0.6148815155029297,2.053499221801758
77100,0.6444454193115234,2.149343490600586
77000,0.6060600280761719,2.007722854614258
76900,0.5707740783691406,1.9917488098144531
76800,0.5803108215332031,2.0990371704101562
76700,0.5583763122558594,2.1054744720458984
76600,0.5784034729003906,2.0551681518554688
76500,0.5614757537841797,1.9917488098144531
76400,0.5815029144287109,2.0322799682617188
76300,0.5693435668945312,2.073049545288086
76200,0.583648681640625,2.0627975463867188
76100,0.5817413330078125,2.1822452545166016
76000,0.6024837493896484,2.0258426666259766
75900,0.6089210510253906,2.022266387939453
75800,0.5807876586914062,2.065420150756836
75700,0.7410049438476562,2.0427703857421875
75600,0.5843639373779297,2.0961761474609375
75500,0.5512237548828125,1.9445419311523438
75400,0.5431175231933594,1.9643306732177734
75300,0.5774497985839844,1.9609928131103516
75200,0.5717277526855469,1.9800662994384766
75100,0.5590915679931641,1.9838809967041016
75000,0.5960464477539062,2.0685195922851562
74900,0.5383491516113281,2.000093460083008
74800,0.553131103515625,1.9736289978027344
74700,0.5590915679931641,1.9383430480957031
74600,0.5788803100585938,1.9598007202148438
74500,0.5383491516113281,1.9495487213134766
74400,0.5450248718261719,1.9421577453613281
74300,0.5321502685546875,1.9385814666748047
74200,0.6079673767089844,2.0792484283447266
74100,0.6163120269775391,2.996683120727539
74000,0.6527900695800781,2.3832321166992188
73900,0.9784698486328125,3.3321380615234375
73800,0.9667873382568359,2.6302337646484375
73700,0.6563663482666016,2.630472183227539
73600,0.64849853515625,2.1147727966308594
73500,0.6229877471923828,2.057313919067383
73400,0.6330013275146484,2.0530223846435547
73300,0.6492137908935547,2.0487308502197266
73200,0.5881786346435547,2.0742416381835938
73100,0.5676746368408203,2.0494461059570312
73000,0.5679130554199219,2.3467540740966797
72900,0.5807876586914062,2.041339874267578
72800,0.5631446838378906,2.093791961669922
72700,0.5700588226318359,2.068042755126953
72600,0.5841255187988281,2.0508766174316406
72500,0.5545616149902344,2.041339874267578
72400,0.5676746368408203,2.023458480834961
72300,0.5981922149658203,2.118825912475586
72200,0.6017684936523438,2.092123031616211
72100,0.6000995635986328,2.056121826171875
72000,0.6105899810791016,2.2606849670410156
71900,0.5905628204345703,2.1088123321533203
71800,0.6022453308105469,2.0716190338134766
71700,0.5934238433837891,2.0716190338134766
71600,0.6616115570068359,2.23541259765625
71500,0.6997585296630859,3.0231475830078125
71400,0.7219314575195312,2.1762847900390625
71300,0.7827281951904297,2.125263214111328
71200,0.598907470703125,2.0673274993896484
71100,0.6024837493896484,2.093076705932617
71000,0.6158351898193359,2.0139217376708984
70900,0.8182525634765625,2.176046371459961
70800,0.6611347198486328,2.0678043365478516
70700,0.6253719329833984,2.104043960571289
70600,0.7140636444091797,2.1660327911376953
70500,0.6189346313476562,2.0759105682373047
70400,0.6182193756103516,2.0639896392822266
70300,0.5664825439453125,2.462625503540039
70200,0.8592605590820312,2.2361278533935547
70100,0.6787776947021484,2.069711685180664
70000,0.6132125854492188,2.0253658294677734
69900,0.6527900695800781,2.0694732666015625
69800,0.6031990051269531,2.088785171508789
69700,0.5834102630615234,2.0334720611572266
69600,0.5764961242675781,2.1448135375976562
69500,0.5679130554199219,2.0575523376464844
69400,0.5700588226318359,1.9974708557128906
69300,0.5786418914794922,2.147197723388672
69200,0.6856918334960938,2.131223678588867
69100,0.5717277526855469,2.0287036895751953
69000,0.579833984375,1.9981861114501953
68900,0.5774497985839844,2.046346664428711
68800,0.7238388061523438,2.2356510162353516
68700,0.6060600280761719,2.0279884338378906
68600,0.6208419799804688,2.1631717681884766
68500,0.8144378662109375,2.2945404052734375
68400,0.6082057952880859,2.1038055419921875
68300,0.6041526794433594,2.0847320556640625
68200,0.6000995635986328,2.0875930786132812
68100,0.6372928619384766,2.1872520446777344
68000,0.5960464477539062,2.1085739135742188
67900,0.6470680236816406,2.1021366119384766
67800,0.644683837890625,2.159595489501953
67700,0.6215572357177734,2.1483898162841797
67600,0.5991458892822266,2.1147727966308594
67500,0.5934238433837891,2.3038387298583984
67400,0.6167888641357422,2.106189727783203
67300,0.6098747253417969,2.0797252655029297
67200,0.6000995635986328,2.0966529846191406
67100,0.5860328674316406,2.0928382873535156
67000,0.6616115570068359,2.06756591796875
66900,0.5655288696289062,2.0761489868164062
66800,0.5865097045898438,2.1638870239257812
66700,0.7054805755615234,2.2268295288085938
66600,0.6198883056640625,2.149820327758789
66500,0.6029605865478516,2.0368099212646484
66400,0.6151199340820312,2.300262451171875
66300,0.6563663482666016,2.1195411682128906
66200,0.5772113800048828,2.087116241455078
66100,0.6210803985595703,2.453327178955078
66000,0.5924701690673828,2.200603485107422
65900,0.6330013275146484,2.2721290588378906
65800,0.6022453308105469,2.193927764892578
65700,0.6551742553710938,2.1615028381347656
65600,0.5815029144287109,2.066373825073242
65500,0.6029605865478516,2.0418167114257812
65400,0.5576610565185547,2.1886825561523438
65300,0.5910396575927734,2.0215511322021484
65200,0.5428791046142578,2.023935317993164
65100,0.545501708984375,1.9943714141845703
65000,0.5424022674560547,2.0842552185058594
64900,0.5679130554199219,2.0210742950439453
64800,0.5824565887451172,2.014636993408203
64700,0.5755424499511719,1.9919872283935547
64600,0.6320476531982422,2.0227432250976562
64500,0.5390644073486328,2.0456314086914062
64400,0.5526542663574219,1.9774436950683594
64300,0.5135536193847656,1.9695758819580078
64200,0.5712509155273438,2.028226852416992
64100,0.5824565887451172,2.0492076873779297
64000,0.5750656127929688,2.0360946655273438
63900,0.5698204040527344,1.9657611846923828
63800,0.5528926849365234,2.025127410888672
63700,0.5550384521484375,2.004384994506836
63600,0.5502700805664062,1.992940902709961
63500,0.5555152893066406,2.2230148315429688
63400,0.5667209625244141,1.9953250885009766
63300,0.5795955657958984,2.037525177001953
63200,0.5621910095214844,1.985311508178711
63100,0.58746337890625,2.0592212677001953
63000,0.5502700805664062,2.0530223846435547
62900,0.5540847778320312,1.9812583923339844
62800,0.5381107330322266,1.9898414611816406
62700,0.6139278411865234,2.148866653442383
62600,0.6093978881835938,2.038240432739258
62500,0.5822181701660156,2.080202102661133
62400,0.5717277526855469,2.0160675048828125
62300,0.5853176116943359,2.084493637084961
62200,0.5967617034912109,1.989603042602539
62100,0.5471706390380859,2.0265579223632812
62000,0.5428791046142578,2.1774768829345703
61900,0.7622241973876953,2.1445751190185547
61800,0.6163120269775391,2.024412155151367
61700,0.5936622619628906,2.017974853515625
61600,0.5948543548583984,2.1295547485351562
61500,0.5846023559570312,2.003192901611328
61400,0.5557537078857422,1.9881725311279297
61300,0.5428791046142578,2.015352249145508
61200,0.5254745483398438,2.0914077758789062
61100,0.5383491516113281,1.9659996032714844
61000,0.5311965942382812,1.953125
60900,0.5381107330322266,1.9955635070800781
60800,0.5216598510742188,2.2211074829101562
60700,0.6468296051025391,2.0170211791992188
60600,0.5564689636230469,2.06756591796875
60500,0.5550384521484375,2.002716064453125
60400,0.6799697875976562,2.231597900390625
60300,0.6365776062011719,2.1021366119384766
60200,0.5786418914794922,1.9695758819580078
60100,0.5888938903808594,2.0589828491210938
60000,1.0542869567871094,3.621816635131836
59900,0.5595684051513672,2.012491226196289
59800,0.54168701171875,2.040386199951172
59700,0.5447864532470703,2.516031265258789
59600,0.5738735198974609,2.0079612731933594
59500,0.5638599395751953,2.0170211791992188
59400,0.5857944488525391,2.0012855529785156
59300,0.6914138793945312,2.0034313201904297
59200,0.5509853363037109,2.0322799682617188
59100,0.5550384521484375,1.9564628601074219
59000,0.5464553833007812,1.9443035125732422
58900,0.6012916564941406,2.1393299102783203
58800,0.5729198455810547,1.9824504852294922
58700,0.5476474761962891,1.9888877868652344
58600,0.5424022674560547,1.9690990447998047
58500,0.5221366882324219,1.9946098327636719
58400,0.5173683166503906,1.9943714141845703
58300,0.5476474761962891,1.9116401672363281
58200,0.5431175231933594,1.9159317016601562
58100,0.5311965942382812,2.0754337310791016
58000,0.5185604095458984,1.9550323486328125
57900,0.5295276641845703,1.972198486328125
57800,0.5257129669189453,1.935720443725586
57700,0.5199909210205078,2.1119117736816406
57600,0.5745887756347656,1.9435882568359375
57500,0.5552768707275391,1.9109249114990234
57400,0.5421638488769531,1.8842220306396484
57300,0.5168914794921875,2.0105838775634766
57200,0.5309581756591797,1.9328594207763672
57100,0.5266666412353516,1.9638538360595703
57000,0.5044937133789062,1.8825531005859375
56900,0.5235671997070312,1.8799304962158203
56800,0.8776187896728516,2.252817153930664
56700,0.6349086761474609,1.970529556274414
56600,0.5826950073242188,1.9140243530273438
56500,0.5288124084472656,2.1028518676757812
56400,0.5481243133544922,1.9593238830566406
56300,0.5402565002441406,1.909017562866211
56200,0.5660057067871094,1.9617080688476562
56100,0.5588531494140625,2.0470619201660156
56000,0.5779266357421875,2.0089149475097656
55900,0.5817413330078125,1.9953250885009766
55800,0.5488395690917969,1.9338130950927734
55700,0.5288124084472656,2.045869827270508
55600,0.5588531494140625,1.9536018371582031
55500,0.5598068237304688,1.924753189086914
55400,0.5605220794677734,1.9617080688476562
55300,0.5359649658203125,1.9075870513916016
55200,0.5526542663574219,1.9392967224121094
55100,0.5526542663574219,1.8775463104248047
55000,0.5204677581787109,1.9810199737548828
54900,0.5128383636474609,1.9097328186035156
54800,0.5409717559814453,1.9638538360595703
54700,0.5395412445068359,1.8737316131591797
54600,0.5054473876953125,1.9047260284423828
54500,0.5447864532470703,1.9040107727050781
54400,0.5519390106201172,1.9173622131347656
54300,0.5130767822265625,1.912832260131836
54200,0.5102157592773438,1.8877983093261719
54100,0.5247592926025391,1.8944740295410156
54000,0.5137920379638672,1.995086669921875
53900,0.5497932434082031,1.9671916961669922
53800,0.5614757537841797,1.9071102142333984
53700,0.5333423614501953,1.9617080688476562
53600,0.6000995635986328,3.2196044921875
53500,0.5686283111572266,2.008199691772461
53400,0.5335807800292969,1.8813610076904297
53300,0.5676746368408203,1.9185543060302734
53200,0.5729198455810547,2.0122528076171875
53100,0.5881786346435547,1.966238021850586
53000,0.5924701690673828,1.9373893737792969
52900,0.5679130554199219,1.9669532775878906
52800,0.7033348083496094,1.9965171813964844
52700,0.5581378936767578,1.9335746765136719
52600,0.5133152008056641,1.9528865814208984
52500,0.5431175231933594,1.8887519836425781
52400,0.5021095275878906,2.3801326751708984
52300,0.5688667297363281,1.9485950469970703
52200,0.5362033843994141,1.8947124481201172
52100,0.5621910095214844,1.917123794555664
52000,0.5049705505371094,2.06756591796875
51900,0.5178451538085938,1.8951892852783203
51800,0.5381107330322266,1.8839836120605469
51700,0.5185604095458984,1.9066333770751953
51600,0.5388259887695312,1.8782615661621094
51500,0.5509853363037109,1.8684864044189453
51400,0.5116462707519531,1.894235610961914
51300,0.5288124084472656,1.91497802734375
51200,0.5059242248535156,1.8928050994873047
51100,0.5345344543457031,1.918792724609375
51000,0.5619525909423828,1.8949508666992188
50900,0.5009174346923828,1.8818378448486328
50800,0.5214214324951172,1.8496513366699219
50700,0.4901885986328125,1.9214153289794922
50600,0.5278587341308594,1.8739700317382812
50500,0.4947185516357422,1.8529891967773438
50400,0.5407333374023438,1.875162124633789
50300,0.49567222595214844,1.873016357421875
50200,0.5130767822265625,1.9519329071044922
50100,0.5090236663818359,1.8804073333740234
50000,0.522613525390625,1.901388168334961
49900,0.49948692321777344,1.8737316131591797
49800,0.5214214324951172,1.85394287109375
49700,0.5707740783691406,1.8749237060546875
49600,0.5071163177490234,1.9297599792480469
49500,0.5371570587158203,1.941680908203125
49400,0.5142688751220703,1.8842220306396484
49300,0.5245208740234375,1.9986629486083984
49200,0.5164146423339844,1.89971923828125
49100,0.5393028259277344,1.9536018371582031
49000,0.6432533264160156,2.012968063354492
48900,0.5879402160644531,1.9595623016357422
48800,0.5908012390136719,1.992940902709961
48700,0.5524158477783203,1.8916130065917969
48600,0.5252361297607422,1.9440650939941406
48500,0.5300045013427734,1.9335746765136719
48400,0.5128383636474609,1.974344253540039
48300,0.5381107330322266,1.9102096557617188
48200,0.5016326904296875,1.9447803497314453
48100,0.5376338958740234,1.8470287322998047
48000,0.5037784576416016,1.8639564514160156
47900,0.5624294281005859,1.878976821899414
47800,0.5190372467041016,1.8966197967529297
47700,0.5249977111816406,1.9469261169433594
47600,0.5092620849609375,1.8765926361083984
47500,0.5388259887695312,1.9810199737548828
47400,0.4978179931640625,1.8782615661621094
47300,0.5345344543457031,1.8677711486816406
47200,0.5009174346923828,1.844167709350586
47100,0.5137920379638672,1.8782615661621094
47000,0.6926059722900391,2.173900604248047
46900,0.5419254302978516,1.9223690032958984
46800,0.5278587341308594,1.9321441650390625
46700,0.5185604095458984,1.8856525421142578
46600,0.5204677581787109,1.9702911376953125
46500,0.5445480346679688,1.9485950469970703
46400,0.5621910095214844,1.8925666809082031
46300,0.5352497100830078,1.848459243774414
46200,0.5190372467041016,1.9087791442871094
46100,0.5173683166503906,2.0418167114257812
46000,0.6837844848632812,1.9261837005615234
45900,0.5762577056884766,1.8994808197021484
45800,0.5249977111816406,1.8930435180664062
45700,0.5526542663574219,2.032041549682617
45600,0.5083084106445312,1.8503665924072266
45500,0.5178451538085938,1.7955303192138672
45400,0.5278587341308594,1.7919540405273438
45300,0.4870891571044922,1.8341541290283203
45200,0.48041343688964844,1.8939971923828125
45100,0.5142688751220703,1.7895698547363281
45000,0.49591064453125,1.7855167388916016
44900,0.4851818084716797,1.766204833984375
44800,0.48041343688964844,1.7600059509277344
44700,0.6108283996582031,1.8734931945800781
44600,0.49185752868652344,1.8112659454345703
44500,0.4801750183105469,1.7774105072021484
44400,0.4775524139404297,1.7740726470947266
44300,0.4947185516357422,1.7578601837158203
44200,0.6947517395019531,1.8143653869628906
44100,0.5037784576416016,1.8444061279296875
44000,0.5047321319580078,1.7497539520263672
43900,0.4971027374267578,1.8215179443359375
43800,0.5033016204833984,1.8260478973388672
43700,0.5085468292236328,1.8105506896972656
43600,0.514984130859375,1.7964839935302734
43500,0.5223751068115234,1.8222332000732422
43400,0.5023479461669922,1.8334388732910156
43300,0.4725456237792969,1.7826557159423828
43200,0.5016326904296875,1.7957687377929688
43100,0.4913806915283203,1.7542839050292969
43000,0.4978179931640625,1.7778873443603516
42900,0.47969818115234375,1.7635822296142578
42800,0.47969818115234375,1.7771720886230469
42700,0.5316734313964844,2.0303726196289062
42600,0.7176399230957031,1.9061565399169922
42500,0.4928112030029297,1.791238784790039
42400,0.5109310150146484,1.8095970153808594
42300,0.5002021789550781,1.8565654754638672
42200,0.4897117614746094,1.8949508666992188
42100,0.6279945373535156,1.8062591552734375
42000,0.5209445953369141,1.8341541290283203
41900,0.5295276641845703,1.7938613891601562
41800,0.5040168762207031,1.8765926361083984
41700,0.5006790161132812,1.8465518951416016
41600,0.5240440368652344,1.7998218536376953
41500,0.5323886871337891,1.8558502197265625
41400,0.5128383636474609,1.878976821899414
41300,0.5707740783691406,2.1867752075195312
41200,0.6766319274902344,1.8930435180664062
41100,0.5500316619873047,1.8475055694580078
41000,0.5323886871337891,1.8076896667480469
40900,0.5407333374023438,1.8222332000732422
40800,0.5674362182617188,1.8165111541748047
40700,0.5030632019042969,1.828908920288086
40600,0.545501708984375,1.7981529235839844
40500,0.5013942718505859,1.8007755279541016
40400,0.4887580871582031,1.8055438995361328
40300,0.5125999450683594,1.82342529296875
40200,0.4811286926269531,1.7652511596679688
40100,0.4813671112060547,1.8339157104492188
40000,0.4787445068359375,1.7697811126708984
39900,0.4928112030029297,1.7466545104980469
39800,0.6077289581298828,1.8010139465332031
39700,0.4916191101074219,1.7838478088378906
39600,0.4944801330566406,1.8198490142822266
39500,0.4565715789794922,1.7595291137695312
39400,0.4839897155761719,1.7495155334472656
39300,0.5290508270263672,1.7952919006347656
39200,0.4925727844238281,1.7383098602294922
39100,0.4935264587402344,1.7838478088378906
39000,0.4916191101074219,1.758575439453125
38900,0.4811286926269531,1.7442703247070312
38800,0.48995018005371094,2.595663070678711
38700,0.5297660827636719,1.8091201782226562
38600,0.5092620849609375,1.790761947631836
38500,0.5130767822265625,1.7902851104736328
38400,0.4990100860595703,1.7664432525634766
38300,0.4820823669433594,1.9121170043945312
38200,0.4782676696777344,1.8198490142822266
38100,0.5049705505371094,1.7895698547363281
38000,0.48732757568359375,1.7516613006591797
37900,0.4837512969970703,1.7428398132324219
37800,0.48613548278808594,1.8341541290283203
37700,0.6000995635986328,1.9125938415527344
37600,0.4951953887939453,1.7871856689453125
37500,0.5230903625488281,1.7633438110351562
37400,0.5135536193847656,1.8372535705566406
37300,0.4856586456298828,1.9881725311279297
37200,0.5090236663818359,1.7821788787841797
37100,0.4897117614746094,1.783609390258789
37000,0.49424171447753906,1.7180442810058594
36900,0.5133152008056641,1.7914772033691406
36800,0.5192756652832031,2.015829086303711
36700,0.5266666412353516,1.8126964569091797
36600,0.4775524139404297,1.8067359924316406
36500,0.5002021789550781,1.7926692962646484
36400,0.5118846893310547,1.7852783203125
36300,0.47850608825683594,1.8305778503417969
36200,0.47707557678222656,1.7774105072021484
36100,0.4756450653076172,1.748800277709961
36000,0.4966259002685547,1.7387866973876953
35900,0.5002021789550781,1.7418861389160156
35800,0.4825592041015625,1.7590522766113281
35700,0.5905628204345703,1.7886161804199219
35600,0.49757957458496094,1.7919540405273438
35500,0.4799365997314453,1.7590522766113281
35400,0.49233436584472656,1.7807483673095703
35300,0.4684925079345703,1.7101764678955078
35200,0.4725456237792969,2.489328384399414
35100,0.6256103515625,1.7936229705810547
35000,0.5106925964355469,1.7025470733642578
34900,0.4897117614746094,1.734018325805664
34800,0.492095947265625,1.7235279083251953
34700,0.45800209045410156,1.8100738525390625
34600,0.47087669372558594,1.7993450164794922
34500,0.4718303680419922,1.7731189727783203
34400,0.4734992980957031,1.7557144165039062
34300,0.47588348388671875,1.7385482788085938
34200,0.4634857177734375,1.7673969268798828
34100,0.5030632019042969,1.848459243774414
34000,0.5140304565429688,1.779794692993164
33900,0.5297660827636719,1.7554759979248047
33800,0.48732757568359375,1.7778873443603516
33700,0.46181678771972656,1.7642974853515625
33600,0.48089027404785156,1.8815994262695312
33500,0.6153583526611328,1.9626617431640625
33400,0.5095005035400391,1.8095970153808594
33300,0.5099773406982422,1.7960071563720703
33200,0.49114227294921875,1.7747879028320312
33100,0.49567222595214844,1.8219947814941406
33000,0.49996376037597656,1.7845630645751953
32900,0.5211830139160156,1.7514228820800781
32800,0.4839897155761719,1.714468002319336
32700,0.4787445068359375,1.7838478088378906
32600,0.4820823669433594,1.7421245574951172
32500,0.48160552978515625,1.9123554229736328
32400,0.4711151123046875,1.7323493957519531
32300,0.4627704620361328,1.7294883728027344
32200,0.47969818115234375,1.756429672241211
32100,0.4458427429199219,1.6820430755615234
32000,0.47898292541503906,1.7094612121582031
31900,0.499725341796875,1.7347335815429688
31800,0.4639625549316406,1.7402172088623047
31700,0.4627704620361328,1.7271041870117188
31600,0.46825408935546875,1.7244815826416016
31500,0.469207763671875,1.7445087432861328
31400,0.476837158203125,1.9290447235107422
31300,0.5877017974853516,1.882314682006836
31200,0.5321502685546875,1.8582344055175781
31100,0.5204677581787109,1.7991065979003906
31000,0.49686431884765625,1.7597675323486328
30900,0.5290508270263672,1.7476081848144531
30800,0.5230903625488281,1.7626285552978516
30700,0.4935264587402344,1.7571449279785156
30600,0.4763603210449219,1.7817020416259766
30500,0.453948974609375,1.7580986022949219
30400,0.4684925079345703,1.7473697662353516
30300,0.4715919494628906,1.9559860229492188
30200,0.4801750183105469,1.7604827880859375
30100,0.49376487731933594,1.7940998077392578
30000,0.4763603210449219,1.7483234405517578
29900,0.4706382751464844,1.7809867858886719
29800,0.45943260192871094,1.7461776733398438
29700,0.5955696105957031,1.7642974853515625
29600,0.48851966857910156,1.7559528350830078
29500,0.48351287841796875,1.7044544219970703
29400,0.4718303680419922,1.7535686492919922
29300,0.46443939208984375,1.7359256744384766
29200,0.45943260192871094,1.8227100372314453
29100,0.4825592041015625,1.7290115356445312
29000,0.48041343688964844,1.7333030700683594
28900,0.4630088806152344,1.7383098602294922
28800,0.47969818115234375,1.7497539520263672
28700,0.46706199645996094,1.7385482788085938
28600,0.4630088806152344,1.8773078918457031
28500,0.46563148498535156,1.783132553100586
28400,0.4546642303466797,1.771688461303711
28300,0.44846534729003906,1.7125606536865234
28200,0.4584789276123047,1.7371177673339844
28100,0.47588348388671875,1.65557861328125
28000,0.43010711669921875,1.8358230590820312
27900,0.4677772521972656,1.683950424194336
27800,0.45299530029296875,1.6803741455078125
27700,0.44274330139160156,1.71661376953125
27600,0.4582405090332031,1.7194747924804688
27500,0.4673004150390625,1.7516613006591797
27400,0.4744529724121094,1.7018318176269531
27300,0.4508495330810547,1.7600059509277344
27200,0.4630088806152344,1.6944408416748047
27100,0.48065185546875,1.6562938690185547
27000,0.43582916259765625,1.7116069793701172
26900,0.4372596740722656,1.6999244689941406
26800,0.4343986511230469,1.722574234008789
26700,0.4372596740722656,1.7156600952148438
26600,0.48923492431640625,1.6498565673828125
26500,0.4401206970214844,1.730203628540039
26400,0.507354736328125,1.8129348754882812
26300,0.5645751953125,1.8122196197509766
26200,0.7638931274414062,2.1944046020507812
26100,0.5366802215576172,1.7924308776855469
26000,0.48661231994628906,1.725912094116211
25900,0.4894733428955078,1.7626285552978516
25800,0.4851818084716797,1.706838607788086
25700,0.46825408935546875,1.7499923706054688
25600,0.4830360412597656,1.6884803771972656
25500,0.5013942718505859,1.7228126525878906
25400,0.4696846008300781,1.6918182373046875
25300,0.4744529724121094,1.737356185913086
25200,0.4818439483642578,1.7685890197753906
25100,0.4699230194091797,1.8239021301269531
25000,0.4475116729736328,1.7087459564208984
24900,0.4799365997314453,1.703500747680664
24800,0.4572868347167969,1.7197132110595703
24700,0.4558563232421875,1.737833023071289
24600,0.4954338073730469,1.6639232635498047
24500,0.4374980926513672,3.810882568359375
24400,1.130819320678711,1.8076896667480469
24300,0.4837512969970703,1.667022705078125
24200,0.4706382751464844,1.705169677734375
24100,0.4703998565673828,1.722097396850586
24000,0.6883144378662109,2.866506576538086
23900,0.5788803100585938,1.7573833465576172
23800,0.5037784576416016,1.6841888427734375
23700,0.48351287841796875,1.7583370208740234
23600,0.46944618225097656,1.8305778503417969
23500,0.4863739013671875,1.9426345825195312
23400,0.4818439483642578,1.7445087432861328
23300,0.4703998565673828,1.7070770263671875
23200,0.4744529724121094,1.7158985137939453
23100,0.4715919494628906,1.6968250274658203
23000,0.4489421844482422,1.7054080963134766
22900,0.47898292541503906,2.0291805267333984
22800,0.4794597625732422,1.6963481903076172
22700,0.4603862762451172,1.6884803771972656
22600,0.45871734619140625,1.7478466033935547
22500,0.4737377166748047,1.6694068908691406
22400,0.4565715789794922,1.735687255859375
22300,0.48732757568359375,1.8742084503173828
22200,0.5517005920410156,1.7583370208740234
22100,0.6144046783447266,1.7583370208740234
22000,0.4887580871582031,1.7719268798828125
21900,0.48542022705078125,1.7514228820800781
21800,0.4668235778808594,1.6872882843017578
21700,0.4544258117675781,1.8877983093261719
21600,0.4966259002685547,1.7213821411132812
21500,0.4527568817138672,1.7080307006835938
21400,0.47707557678222656,1.7254352569580078
21300,0.4429817199707031,1.6508102416992188
21200,0.438690185546875,1.7194747924804688
21100,0.45228004455566406,1.9419193267822266
21000,0.5640983581542969,1.847982406616211
20900,0.49591064453125,1.809835433959961
20800,0.4661083221435547,1.7194747924804688
20700,0.47516822814941406,1.7473697662353516
20600,0.44536590576171875,1.6934871673583984
20500,0.46372413635253906,2.0105838775634766
20400,0.4906654357910156,1.809835433959961
20300,0.4794597625732422,1.7406940460205078
20200,0.4668235778808594,1.7249584197998047
20100,0.47779083251953125,1.6624927520751953
20000,0.45418739318847656,1.7132759094238281
19900,0.4603862762451172,1.9116401672363281
19800,0.4341602325439453,1.6911029815673828
19700,0.45561790466308594,1.6710758209228516
19600,0.43392181396484375,1.7628669738769531
19500,0.4303455352783203,1.6934871673583984
19400,0.44155120849609375,1.64031982421875
19300,0.42891502380371094,1.7247200012207031
19200,0.49996376037597656,1.8453598022460938
19100,0.4744529724121094,1.7058849334716797
19000,0.4737377166748047,1.741647720336914
18900,0.4627704620361328,1.7015933990478516
18800,0.4761219024658203,1.680612564086914
18700,0.4451274871826172,1.8303394317626953
18600,0.44465065002441406,1.7058849334716797
18500,0.5042552947998047,1.7311573028564453
18400,0.4811286926269531,1.7066001892089844
18300,0.45371055603027344,1.6636848449707031
18200,0.45013427734375,1.6922950744628906
18100,0.45680999755859375,1.7206668853759766
18000,0.4432201385498047,1.6760826110839844
17900,0.4544258117675781,1.692056655883789
17800,0.4360675811767578,1.6965866088867188
17700,0.4508495330810547,1.6965866088867188
17600,0.43892860412597656,1.667022705078125
17500,0.4591941833496094,1.6603469848632812
17400,0.4341602325439453,1.7256736755371094
17300,0.42939186096191406,1.672506332397461
17200,0.45680999755859375,1.6579627990722656
17100,0.4425048828125,1.6164779663085938
17000,0.4382133483886719,1.6372203826904297
16900,0.4191398620605469,1.628875732421875
16800,0.43320655822753906,1.680612564086914
16700,0.4200935363769531,1.6827583312988281
16600,0.43773651123046875,1.6109943389892578
16500,0.4341602325439453,1.6560554504394531
16400,0.4119873046875,1.6283988952636719
16300,0.42319297790527344,1.5909671783447266
16200,0.4138946533203125,1.6436576843261719
16100,0.408172607421875,1.714468002319336
16000,0.44345855712890625,1.5952587127685547
15900,0.41604042053222656,1.638650894165039
15800,0.42700767517089844,1.65557861328125
15700,0.43773651123046875,1.5876293182373047
15600,0.4172325134277344,1.6264915466308594
15500,0.4286766052246094,1.6067028045654297
15400,0.5197525024414062,1.6314983367919922
15300,0.42128562927246094,1.634359359741211
15200,0.43511390686035156,1.5711784362792969
15100,0.4248619079589844,1.6331672668457031
15000,0.4229545593261719,1.5997886657714844
14900,0.4048347473144531,1.5857219696044922
14800,0.4737377166748047,1.6543865203857422
14700,0.42366981506347656,1.6298294067382812
14600,0.4303455352783203,1.5766620635986328
14500,0.42700767517089844,1.573801040649414
14400,0.4024505615234375,1.592397689819336
14300,0.4076957702636719,1.6133785247802734
14200,0.4227161407470703,1.6107559204101562
14100,0.3943443298339844,1.6968250274658203
14000,0.4074573516845703,1.5964508056640625
13900,0.4394054412841797,1.5840530395507812
13800,0.423431396484375,1.5976428985595703
13700,0.4010200500488281,1.5735626220703125
13600,0.4260540008544922,1.5857219696044922
13500,0.4329681396484375,1.6124248504638672
13400,0.4010200500488281,1.6970634460449219
13300,0.4405975341796875,1.5730857849121094
13200,0.43654441833496094,1.5521049499511719
13100,0.4074573516845703,1.589059829711914
13000,0.40411949157714844,1.5866756439208984
12900,0.42891502380371094,1.5785694122314453
12800,0.42891502380371094,1.5628337860107422
12700,0.4134178161621094,1.6791820526123047
12600,0.40650367736816406,1.6341209411621094
12500,0.42557716369628906,1.5780925750732422
12400,0.38743019104003906,1.5482902526855469
12300,0.3933906555175781,1.5959739685058594
12200,0.38933753967285156,1.5869140625
12100,0.40531158447265625,1.5716552734375
12000,0.5631446838378906,1.6198158264160156
11900,0.41365623474121094,1.5976428985595703
11800,0.4105567932128906,1.5528202056884766
11700,0.4208087921142578,1.5709400177001953
11600,0.4215240478515625,1.5840530395507812
11500,0.3979206085205078,1.5647411346435547
11400,0.39505958557128906,1.5785694122314453
11300,0.4334449768066406,1.573324203491211
11200,0.4191398620605469,1.56402587890625
11100,0.3879070281982422,1.5528202056884766
11000,0.4048347473144531,1.5716552734375
10900,0.37932395935058594,1.5435218811035156
10800,0.385284423828125,1.5490055084228516
10700,0.4215240478515625,1.5377998352050781
10600,0.6153583526611328,1.569509506225586
10500,0.4055500030517578,1.5690326690673828
10400,0.38552284240722656,1.5366077423095703
10300,0.3838539123535156,1.5130043029785156
10200,0.36716461181640625,1.5232563018798828
10100,0.3902912139892578,1.4729499816894531
10000,0.3902912139892578,1.4872550964355469
9900,0.38504600524902344,1.5654563903808594
9800,0.461578369140625,1.5594959259033203
9700,0.4184246063232422,1.5268325805664062
9600,0.4000663757324219,1.5301704406738281
9500,0.3962516784667969,1.4998912811279297
9400,0.3795623779296875,1.497507095336914
9300,0.3848075866699219,1.5363693237304688
9200,0.39315223693847656,1.5416145324707031
9100,0.38933753967285156,1.455068588256836
9000,0.4258155822753906,1.4407634735107422
8900,0.37598609924316406,1.4483928680419922
8800,0.3771781921386719,1.4462471008300781
8700,0.3952980041503906,1.4603137969970703
8600,0.3647804260253906,1.432180404663086
8500,0.36454200744628906,1.4481544494628906
8400,0.3781318664550781,1.4758110046386719
8300,0.385284423828125,1.4443397521972656
8200,0.37789344787597656,1.4348030090332031
8100,0.3674030303955078,1.4061927795410156
8000,0.3631114959716797,1.4293193817138672
7900,0.3566741943359375,1.4412403106689453
7800,0.3681182861328125,1.4870166778564453
7700,0.3566741943359375,1.5213489532470703
7600,0.4100799560546875,2.6493072509765625
7500,0.701904296875,1.7044544219970703
7400,0.44035911560058594,1.5492439270019531
7300,0.4336833953857422,1.4889240264892578
7200,0.4000663757324219,1.4379024505615234
7100,0.38433074951171875,1.4677047729492188
7000,0.41961669921875,1.4770030975341797
6900,0.3991127014160156,2.1190643310546875
6800,0.41103363037109375,1.5110969543457031
6700,0.4076957702636719,1.485586166381836
6600,0.42700767517089844,1.4731884002685547
6500,0.4010200500488281,1.5037059783935547
6400,0.37789344787597656,1.4638900756835938
6300,0.38909912109375,1.4579296112060547
6200,0.3592967987060547,1.4545917510986328
6100,0.38695335388183594,1.5914440155029297
6000,0.38695335388183594,1.5053749084472656
5900,0.38361549377441406,1.4834403991699219
5800,0.37741661071777344,1.4352798461914062
5700,0.3712177276611328,1.8341541290283203
5600,0.7157325744628906,2.6171207427978516
5500,0.6723403930664062,2.631664276123047
5400,0.7166862487792969,2.7687549591064453
5300,0.7238388061523438,1.7130374908447266
5200,0.4475116729736328,1.5926361083984375
5100,0.4315376281738281,1.561880111694336
5000,0.4200935363769531,1.5358924865722656
4900,0.4146099090576172,1.7976760864257812
4800,0.3857612609863281,1.6052722930908203
4700,0.3898143768310547,1.600503921508789
4600,0.47850608825683594,1.9712448120117188
4500,0.41794776916503906,1.4958381652832031
4400,0.37097930908203125,1.5342235565185547
4300,0.4563331604003906,1.649618148803711
4200,0.39315223693847656,2.045869827270508
4100,1.5382766723632812,2.257108688354492
4000,0.41675567626953125,2.1598339080810547
3900,0.4754066467285156,1.5404224395751953
3800,0.3948211669921875,1.5137195587158203
3700,0.39076805114746094,1.46484375
3600,0.36907196044921875,1.4774799346923828
3500,0.4341602325439453,1.5292167663574219
3400,0.40268898010253906,1.4297962188720703
3300,0.3719329833984375,1.421213150024414
3200,0.3437995910644531,1.48773193359375
3100,0.38886070251464844,1.4367103576660156
3000,0.3838539123535156,1.4681816101074219
2900,0.3981590270996094,1.4421939849853516
2800,0.3724098205566406,1.36566162109375
2700,0.3349781036376953,1.59454345703125
2600,0.3762245178222656,1.390695571899414
2500,0.3314018249511719,1.4140605926513672
2400,0.32639503479003906,1.3492107391357422
2300,0.3287792205810547,1.3403892517089844
2200,0.3108978271484375,1.3577938079833984
2100,0.3266334533691406,1.2998580932617188
2000,0.31447410583496094,1.2698173522949219
1900,0.3008842468261719,1.3666152954101562
1800,0.29015541076660156,1.3468265533447266
1700,0.28324127197265625,1.2485980987548828
1600,0.3085136413574219,1.3051033020019531
1500,0.2880096435546875,1.2459754943847656
1400,0.30231475830078125,1.2240409851074219
1300,0.2875328063964844,1.2753009796142578
1200,0.2627372741699219,1.2569427490234375
1100,0.278472900390625,1.1959075927734375
1000,0.26535987854003906,1.15203857421875
900,0.2646446228027344,1.196146011352539
800,0.2560615539550781,1.2159347534179688
700,0.25153160095214844,1.222848892211914
600,0.2391338348388672,1.089334487915039
500,0.2429485321044922,1.0571479797363281
400,0.2415180206298828,1.0330677032470703
300,0.2090930938720703,0.8924007415771484
200,0.19550323486328125,0.8223056793212891
100,0.16164779663085938,0.7205009460449219
